,ADVANCED PROGRAMMING,AĞ GÜVENLİĞİ,BULANIK MANTIK,BÜYÜK VERİ İŞLENMESİ,COMPUTER SECURITY,DATA SECURITY,DATABASE MANAGEMENT SYSTEMS,DERİN ÖĞRENMEYE GİRİŞ,DISTRIBUTED SYSTEMS,HESAPLAMA GEOMETRISI,HESAPLAMA GEOMETRİSİ,IMAGE PROCESSING,INTRO. TO DATA MINING,INTRODUCTION TO ARTIFICIAL INTELLIGENCE,INTRODUCTION TO AUTONOMOUS MOBILE ROBOTS,INTRODUCTION TO DEEP LEARNING,INTRODUCTION TO RECOMMENDER SYSTEM,INTRODUCTION TO SECURE CODING,INTRODUCTION TO VHDL,INTRODUCTION TO WIRELESS SENSOR NETWORKS,KURUMSAL JAVA,MAKİNE ÖĞRENMESİ,MOBİL PROGRAMLAMA,NETWORK APPLICATIONS,NEURAL NETWORKS,OTONOM ROBOTİK SENTEZ VE TASARIMI,PARALLEL PROGRAMMING,PATTERN RECOGNITION,PROBLEMS IN DATA STRUCTURES AND ALGORITHMS,REAL TIME DSP SYSTEM DESIGN,SİSTEM PROGRAMLAMA,SYSTEMS ANALYSIS,WEB BASED TECHNOLOGIES
ADVANCED COMPUTER ARCHITECTURE,0.0,0.0,0.0,0.0,0.0,0.061040927343343244,0.03560720761695023,0.0,0.05341081142542534,0.0,0.06527988063107543,0.03560720761695023,0.0,0.032046486855255206,0.0,0.10682162285085069,0.0,0.10682162285085069,0.0,0.10682162285085069,0.03560720761695023,0.0,0.0,0.04959575346646639,0.0,0.10682162285085069,0.033114703083763714,0.023738138411300153,0.0,0.0,0.05341081142542534,0.0,0.09425437310369178
ADVANCED PROGRAMMING,0.0,0.015094258804739066,0.0,0.04402492151382228,0.035219937211057824,0.04634202264612871,0.033752439827263746,0.0,0.06339588697990407,0.0,0.03169794348995204,0.05079798636210263,0.017609968605528912,0.020853910190757923,0.0,0.035219937211057824,0.07684349936958071,0.09245233517902679,0.07043987442211565,0.0,0.04108992674623413,0.04226392465326939,0.027563429121697427,0.02914753424363406,0.0,0.0,0.021131962326634696,0.06652654806533145,0.0,0.0,0.017609968605528912,0.05282990581658673,0.06809187860804514
ADVANCED READING AND WRITING,0.02810492505353319,0.0,0.0,0.0,0.0,0.08993576017130621,0.08431477516059957,0.0,0.0,0.0,0.0,0.05620985010706638,0.07494646680942184,0.11241970021413276,0.0,0.0,0.0,0.11241970021413276,0.0,0.11241970021413276,0.0,0.0,0.03747323340471092,0.04817987152034261,0.0,0.0,0.11241970021413276,0.07494646680942184,0.0,0.0,0.0,0.05620985010706638,0.0
AĞ GÜVENLİĞİ,0.02538904183421666,0.030466850201059992,0.0,0.043524071715799986,0.07616712550264998,0.04570027530158999,0.07616712550264998,0.0,0.02538904183421666,0.0,0.0,0.05077808366843332,0.03808356275132499,0.028562672063493742,0.0,0.07616712550264998,0.0,0.0,0.0,0.06924284136604543,0.02538904183421666,0.03808356275132499,0.018135029881583328,0.03808356275132499,0.032643053786849986,0.0,0.0,0.042315069723694435,0.07616712550264998,0.0,0.029295048270249993,0.03808356275132499,0.07616712550264998
ALGORITHMS AND COMPLEXITY,0.03998702440804769,0.0347974105876484,0.02493814425448135,0.03039336331014915,0.03633843877081569,0.029925773105377626,0.03129492612327072,0.0,0.041056700906768086,0.0,0.027872043578537984,0.03713012589000557,0.029705730656073376,0.0203636917580972,0.0,0.04120215137696919,0.04364175244534237,0.06857989669982373,0.029925773105377626,0.06583670083183077,0.04433447867463352,0.026516507814891566,0.020403936208212015,0.029353031036375182,0.0,0.07481443276344406,0.02337951023857627,0.035949792366849746,0.0,0.0,0.019237996996314184,0.04427792959469138,0.04874273649739537
ASSEMBLY PROGRAMMING,0.08120349681182747,0.0,0.0,0.0,0.0,0.03944169845145906,0.03847970580630152,0.0,0.09860424612864765,0.0,0.1972084922572953,0.024651061532161914,0.0,0.01972084922572953,0.0,0.0,0.0,0.0,0.0,0.0,0.04930212306432383,0.0,0.0,0.07888339690291812,0.0,0.1972084922572953,0.04382410939051006,0.0,0.0,0.0,0.0,0.0,0.1314723281715302
ATATÜRK İLKE.VE İNK.TARİHİ I,0.024309495577966755,0.0,0.0,0.11668557877424045,0.0,0.06381242589216274,0.033659301569492435,0.0,0.03646424336695014,0.0,0.0,0.07779038584949362,0.07955834916425483,0.029171394693560112,0.0,0.0,0.0,0.0,0.0,0.14585697346780055,0.04861899115593351,0.14585697346780055,0.0,0.02804941797457703,0.0,0.0,0.0,0.0,0.0,0.0,0.0,0.09723798231186702,0.07292848673390027
ATATÜRK İLKE.VE İNK.TARİHİ II,0.041269775100569034,0.0,0.0,0.10317443775142257,0.0,0.07738082831356694,0.037142797590512124,0.0,0.025793609437855643,0.0,0.020634887550284517,0.046897471705192074,0.051587218875711285,0.0,0.0,0.0,0.0,0.0,0.0,0.10317443775142257,0.057319132084123654,0.10317443775142257,0.0,0.034391479250474186,0.0,0.0,0.06878295850094837,0.0,0.0,0.0,0.10317443775142257,0.057319132084123654,0.06878295850094837
BİÇİMSEL DİLLER VE OTOMATA,0.04289134348521979,0.03130201582633465,0.03472156377374935,0.031087911750915125,0.041815216587741164,0.03405061568150299,0.0325343786541431,0.0,0.04298860276749921,0.0,0.028465426156857584,0.04777924587669784,0.03844873728618573,0.016203396427749702,0.0,0.03130201582633465,0.04500943452152695,0.0774945046544551,0.0,0.06543679326591226,0.057110331671576815,0.027936890392671897,0.023828524158455443,0.030680987318816,0.0,0.0,0.05401132142583233,0.04579220729581437,0.0,0.0,0.019640480518484486,0.05015336989541574,0.04931468478010779
BİLGİSAYAR AĞLARI,0.038994450519575716,0.025067861048298674,0.0668476294621298,0.027525494484406388,0.0668476294621298,0.024308228895319927,0.05682048504281033,0.0,0.0594201150774487,0.0,0.04456508630808653,0.030852752059444523,0.022282543154043266,0.03523050741923057,0.0,0.044970223456341864,0.050711994764374324,0.055050988968812775,0.022282543154043266,0.06469125431819013,0.028648984055198484,0.0334238147310649,0.016260234193491034,0.03260859973762429,0.0,0.0668476294621298,0.009549661351732828,0.03625634140318904,0.0,0.0,0.009549661351732828,0.0,0.030385286119149906
BİLGİSAYAR AĞLARI LAB.,0.02543364045654209,0.04238940076090348,0.05086728091308418,0.03179205057067761,0.08477880152180696,0.04130249304908545,0.07893198762375131,0.0,0.05869301643817405,0.0,0.0,0.028259600507268987,0.028259600507268987,0.045461096468215334,0.0,0.05976210599078196,0.06016560107999204,0.06693063278037392,0.0,0.07948012642669403,0.06358410114135522,0.03468223698619376,0.020273191668258188,0.04478880080397349,0.0,0.0,0.0,0.04474436746984257,0.0,0.0,0.00941986683575633,0.0,0.0
BİLGİSAYAR MİMARİSİ,0.01691492964812717,0.036649014237608864,0.05074478894438151,0.02880109642789221,0.008457464824063584,0.03262165003567383,0.06025943687145304,0.0,0.04976892761852802,0.0,0.028043172837684517,0.034972759948154825,0.006343098618047689,0.02767897578784446,0.0,0.05812584915447337,0.06036880064072973,0.06184521152596496,0.038058591708286134,0.0695928534094375,0.03717350818018646,0.03459871973480558,0.015748382775842538,0.02815293085270481,0.0,0.07611718341657227,0.023786619817678833,0.048524704428064815,0.0,0.0,0.013954816959704915,0.0,0.05269651159608849
BİLGİSAYAR MİMARİSİ LAB.,0.0,0.0856018815250651,0.12126933216050886,0.0,0.0,0.09095199912038165,0.0,0.0,0.07276159929630532,0.0,0.0,0.03638079964815266,0.09095199912038165,0.0,0.0,0.0,0.0,0.1819039982407633,0.0,0.0,0.14292457004631404,0.051972570925932375,0.03464838061728825,0.030317333040127216,0.0,0.0,0.0,0.03638079964815266,0.0,0.0,0.023934736610626752,0.0,0.0
BİLGİSAYAR MÜHENDİSLİĞİNE GİRİŞ,0.0,0.0,0.0,0.0,0.0,0.0,0.0,0.0,0.0,0.0,0.0,0.0,0.0,0.0,0.0,0.0,0.0,0.0,0.0,0.0,0.0,0.0,0.0,0.0,0.0,0.0,0.0,0.0,0.0,0.0,0.0,0.0,0.0
BİLGİSAYAR PROGRAMLAMA  MÜH. ARAŞTIRMALARI,0.0,0.0,0.0,0.0,0.0,0.0,0.0,0.0,0.0,0.0,0.0,0.0,0.0,0.0,0.0,0.0,0.0,0.0,0.0,0.0,0.0,0.0,0.0,0.0,0.0,0.0,0.0,0.0,0.0,0.0,0.0,0.0,0.0
BULANIK MANTIK,0.0,0.15,0.0,0.15,0.0,0.0,0.0,0.0,0.0,0.0,0.0,0.0,0.0,0.075,0.0,0.075,0.075,0.15,0.0,0.0,0.0,0.09999999999999999,0.0,0.15,0.0,0.0,0.0,0.075,0.0,0.0,0.0,0.0,0.0
BÜYÜK VERİ İŞLENMESİ,0.028182001156072802,0.0422730017341092,0.0422730017341092,0.0317047513005819,0.014091000578036401,0.0317047513005819,0.0634095026011638,0.0,0.05072760208093105,0.0,0.0,0.05284125216763651,0.0634095026011638,0.028822501182347183,0.0,0.03356973667120437,0.05339747587466426,0.05072760208093105,0.0,0.0634095026011638,0.03804570156069828,0.0317047513005819,0.025363801040465525,0.028182001156072802,0.0317047513005819,0.0,0.0,0.0422730017341092,0.0,0.0,0.025363801040465525,0.0634095026011638,0.0634095026011638
CALCULUS I,0.022407170294494235,0.08962868117797694,0.0,0.029876227059325647,0.0,0.07682458386683738,0.08962868117797694,0.0,0.0,0.0,0.0,0.0672215108834827,0.08962868117797694,0.0,0.0,0.04481434058898847,0.08962868117797694,0.0,0.0,0.08962868117797694,0.0,0.0,0.029876227059325647,0.029876227059325647,0.0,0.0,0.0,0.07170294494238155,0.0,0.0,0.08962868117797694,0.0,0.08962868117797694
CALCULUS II,0.06430211788721613,0.06430211788721613,0.0,0.06430211788721613,0.0,0.11252870630262823,0.06430211788721613,0.0,0.0,0.0,0.0,0.08573615718295484,0.12860423577443225,0.0,0.0,0.04286807859147742,0.0,0.0,0.0,0.12860423577443225,0.12860423577443225,0.0,0.05511610104618525,0.028578719060984945,0.0,0.0,0.0,0.03215105894360806,0.0,0.0,0.0,0.0,0.0
CHEMISTRY,0.1016949152542373,0.0,0.0,0.0,0.0,0.05084745762711865,0.0,0.0,0.0,0.0,0.2033898305084746,0.2033898305084746,0.1016949152542373,0.0,0.0,0.0,0.0,0.0,0.0,0.0,0.0,0.0,0.13559322033898305,0.0,0.0,0.0,0.0,0.0,0.0,0.0,0.0,0.0,0.2033898305084746
CHEMISTRY LAB.,0.18181818181818182,0.0,0.0,0.0,0.0,0.09090909090909091,0.0,0.0,0.0,0.0,0.0,0.27272727272727276,0.13636363636363638,0.0,0.0,0.0,0.0,0.0,0.0,0.0,0.0,0.0,0.18181818181818182,0.0,0.0,0.0,0.0,0.0,0.0,0.0,0.0,0.0,0.13636363636363638
COMPUTER PROGRAMMING,0.03309289110569509,0.05702159698212077,0.02647431288455607,0.027867697773216914,0.03529908384607476,0.050427262637249656,0.05702159698212077,0.0,0.06618578221139018,0.0,0.0,0.022692268186762347,0.030256357582349794,0.01176636128202492,0.0,0.030256357582349794,0.04235890061528972,0.09775130911220704,0.0,0.0866432058040017,0.07059816769214952,0.027867697773216914,0.018416913310995528,0.020034615155880273,0.0,0.0,0.05294862576911214,0.04235890061528972,0.0,0.0,0.0,0.03971146932683411,0.05294862576911214
COMPUTER PROGRAMMING II,0.1530081187981403,0.0,0.0,0.0,0.0,0.0743182291305253,0.08257581014502809,0.0,0.37159114565262646,0.0,0.0,0.0,0.0,0.0,0.0,0.0,0.0,0.0,0.0,0.0,0.0,0.0,0.0,0.0,0.0,0.0,0.0,0.0,0.0,0.0,0.0,0.0,0.3185066962736798
COMPUTER PROGRAMMING LAB II,0.1340782122905028,0.0,0.0,0.0,0.0,0.0,0.17318435754189943,0.0,0.34636871508379885,0.0,0.0,0.0,0.0,0.0,0.0,0.0,0.0,0.0,0.0,0.0,0.0,0.0,0.0,0.0,0.0,0.0,0.0,0.0,0.0,0.0,0.0,0.0,0.34636871508379885
COMPUTER PROGRAMMING LAB.,0.03078064652868409,0.06412634693475852,0.0,0.047354840813360145,0.0,0.04860102083476436,0.04488844285433097,0.0,0.02052043101912273,0.0,0.034200718365204545,0.02565053877390341,0.02931490145588961,0.0,0.0,0.034200718365204545,0.10260215509561364,0.10260215509561364,0.0,0.08681720815782693,0.05130107754780682,0.02565053877390341,0.01810626266393182,0.02978772244711364,0.0,0.0,0.10260215509561364,0.034200718365204545,0.0,0.0,0.0,0.04104086203824546,0.02565053877390341
COMPUTER SECURITY,0.07814666180226196,0.0,0.0,0.0347318496898942,0.0,0.0,0.0,0.0,0.0,0.0,0.0,0.0520977745348413,0.08682962422473552,0.0,0.0,0.1041955490696826,0.1041955490696826,0.1041955490696826,0.0,0.0,0.1041955490696826,0.0694636993797884,0.037212696096315216,0.0347318496898942,0.0,0.0,0.0,0.08580809923385627,0.0,0.0,0.0,0.1041955490696826,0.0
DATA SECURITY,0.06093535902382437,0.03656121541429462,0.020311786341274788,0.01305757693367665,0.03656121541429462,0.0,0.02665921957292316,0.0,0.03656121541429462,0.0,0.03281134716667466,0.041893059328879254,0.02437414360952975,0.022040449008617326,0.0,0.0430131946050525,0.04985620283767449,0.06093535902382437,0.0,0.05712689908483535,0.027697890465374714,0.039428761721298125,0.022449869114040556,0.028675463070034997,0.06093535902382437,0.06093535902382437,0.017311181540859196,0.04768854184473212,0.06093535902382437,0.0,0.032071241591486506,0.0,0.039172730801029954
DATABASE MANAGEMENT SYSTEMS,0.08350220429234975,0.0,0.0,0.1133244201110461,0.0,0.041682545328200864,0.0,0.0,0.06262665321926232,0.0,0.050697766891783784,0.05753393636406955,0.04689286349422597,0.03200766064205119,0.0,0.0,0.0,0.0,0.03449004090336186,0.0,0.05986950496432624,0.0,0.03777480670368203,0.031108664344208736,0.0,0.1133244201110461,0.03593213320594145,0.06205861101319192,0.0,0.0,0.0,0.06610591173144356,0.07106785667980857
DATABASE MANAGEMENT SYSTEMS LAB.,0.10389812717044421,0.0,0.0,0.12278869574688862,0.0,0.038371467420902694,0.0,0.0,0.0,0.0,0.04547729472106986,0.06548730439834059,0.05080911548147115,0.04385310562388879,0.0,0.0,0.0,0.0,0.023022880452541614,0.0,0.08441722832598593,0.0,0.042208614162992965,0.02963865069752484,0.0,0.0,0.12278869574688862,0.06724142862329616,0.0,0.0,0.0,0.07813826092983821,0.08185913049792574
DERİN ÖĞRENMEYE GİRİŞ,0.0,0.0,0.0,0.0,0.0,0.0,0.0,0.0,0.0,0.0,0.0,0.0,0.0,0.0,0.0,0.0,0.0,0.0,0.0,0.0,0.0,0.0,0.0,0.0,0.0,0.0,0.0,0.0,0.0,0.0,0.0,0.0,0.0
DIFFERENTIAL EQUATIONS,0.040467027359117926,0.054886312969838105,0.0,0.029829517918390273,0.02058236736368929,0.04433125278333078,0.03069912420346877,0.0,0.04591451181130688,0.0,0.032931787781902866,0.03718105072150323,0.032128573445758896,0.018482125795965892,0.0,0.03842041907888667,0.04490698333895845,0.07874992730455033,0.0,0.05699732500713957,0.0,0.02216562639166539,0.02208839424395924,0.03253341938131533,0.08232946945475716,0.0,0.0,0.050113590102895664,0.08232946945475716,0.0,0.0,0.054886312969838105,0.04704541111700409
DIGITAL SYSTEMS I,0.06373082991653746,0.0,0.0,0.1310022614951048,0.0,0.03930067844853143,0.03715700507861154,0.0,0.061758208990549394,0.0,0.0,0.07047018204564258,0.07860135689706287,0.028582311598931955,0.0,0.0,0.0,0.0,0.0,0.0,0.03930067844853143,0.0,0.048370065782807926,0.04152524515316529,0.0,0.0,0.07860135689706287,0.06737259162605388,0.0,0.0,0.0,0.08322496612630187,0.1310022614951048
DIGITAL SYSTEMS II,0.057829324645616735,0.037134549605212085,0.0,0.10727758774839045,0.0,0.022628866165676113,0.027509602005331743,0.0,0.05280068771991093,0.0,0.04022909540564642,0.05692796519666947,0.05613362149625082,0.009283637401303021,0.0,0.0,0.0,0.0,0.0,0.0,0.06582942884560324,0.0,0.03811177459482293,0.03368017289775049,0.0,0.12068728621693926,0.03291471442280162,0.06987158675717536,0.0,0.0,0.030171821554234816,0.057167661892234385,0.08381061542843005
DIGITAL SYSTEMS LAB.,0.0,0.0,0.0,0.0,0.0,0.0,0.0,0.0,0.0,0.0,0.0,0.0,0.0,0.0,0.0,0.0,0.0,0.0,0.0,0.0,0.0,0.0,0.0,0.0,0.0,0.0,0.0,0.0,0.0,0.0,0.0,0.0,0.0
DIGITAL SYSTEMS LABORATORY,0.061759446448326503,0.02459683581491792,0.0,0.11595651169889874,0.0,0.02254709949700809,0.033283813543202416,0.0,0.050104665548906864,0.0,0.04509419899401618,0.06470037246967539,0.06388344857485626,0.0,0.0,0.0,0.0,0.0,0.0,0.0,0.07692539828390996,0.0,0.04509419899401618,0.042047293656582656,0.0,0.0,0.03689525372237687,0.08455162311378034,0.0,0.0,0.06764129849102427,0.071620198402261,0.09329834274624038
DISCRETE COMPUTATIONAL STRUCTURES,0.04519305741659947,0.03983362432552838,0.0,0.04905825311670337,0.01035674232463738,0.03612817089989783,0.01883044059024978,0.0,0.051783711623186894,0.0,0.008630618603864482,0.049429906549405676,0.04660534046086821,0.014499439254492331,0.0,0.03883778371739017,0.10356742324637379,0.0,0.051783711623186894,0.07767556743478034,0.061198931918311786,0.02071348464927476,0.04142696929854952,0.026330700825349267,0.0,0.0,0.03655320820460251,0.05996008714263746,0.0,0.0,0.0,0.025891855811593447,0.08571097096251623
DISTRIBUTED SYSTEMS,0.041537337958736535,0.06645974073397846,0.03322987036698923,0.039875844440387075,0.06645974073397846,0.03322987036698923,0.02953766254843487,0.0,0.0,0.0,0.03322987036698923,0.039875844440387075,0.02416717844871944,0.02718807575480937,0.0,0.02848274602884791,0.06645974073397846,0.039875844440387075,0.0,0.04833435689743888,0.03655285740368815,0.011076623455663076,0.014241373014423955,0.030673726492605444,0.06645974073397846,0.06645974073397846,0.019199480656482665,0.04601058973890816,0.0,0.0,0.016614935183494616,0.03322987036698923,0.041537337958736535
DOSYA YAPILARI,0.08695261457889579,0.0,0.0,0.0,0.11490166926496943,0.0,0.043772064481893115,0.0,0.11490166926496943,0.0,0.0,0.0,0.0,0.0,0.0,0.0,0.0,0.0,0.0,0.0,0.07070871954767351,0.0,0.0,0.09192133541197554,0.0,0.22980333852993887,0.04596066770598777,0.0,0.0,0.0,0.0,0.0,0.2010779212136965
ECONOMICS,0.03965898352338074,0.052878644697840996,0.035252429798560664,0.03189505553203108,0.02169380295296041,0.025545238984464248,0.028583051188022162,0.0,0.03394678425046582,0.0,0.031335493154276146,0.033094117770077355,0.03603581712741756,0.02692003730071905,0.0,0.04047501199094002,0.058243144884578484,0.06345437363740919,0.005875404966426777,0.06130857356271419,0.04486672883453175,0.028501964517985215,0.014688512416066944,0.024074830106334114,0.035252429798560664,0.0,0.028201943838848532,0.04036537763193969,0.056403887677697065,0.0,0.01510818419938314,0.04486672883453175,0.041473446821836076
ENGINEERING GRAPHICS,0.0,0.04655201078824377,0.0,0.03491400809118282,0.0,0.06982801618236564,0.058190013485304705,0.0,0.058190013485304705,0.0,0.0,0.029095006742652352,0.06982801618236564,0.0,0.0,0.058190013485304705,0.0,0.11638002697060941,0.0,0.07758668464707294,0.058190013485304705,0.04655201078824377,0.05172445643138195,0.041896809709419384,0.0,0.0,0.0,0.06650287255463394,0.0,0.0,0.11638002697060941,0.0,0.0
FUNDAMENTALS OF ELECTRONICS,0.044534986802342,0.03785896411280686,0.04191528169632188,0.025180449078760533,0.04513953413450049,0.03322771262678508,0.044397107586235676,0.0,0.047678632929566145,0.0,0.03300828433585348,0.03935947183679006,0.034745562458793136,0.022977654423887297,0.0,0.02602803782755472,0.018337935742140824,0.06748360353107824,0.024450580989521097,0.06563050686660926,0.034745562458793136,0.022227800899564637,0.020112574684928643,0.029098212086702796,0.0,0.0733517429685633,0.022005522890568986,0.04241427314508762,0.0,0.0,0.01937593210490351,0.04156598768218587,0.04314808409915488
GİRİŞİMCİLİK,0.05403584396286304,0.04784201204617123,0.03929879560935494,0.03863271432784045,0.013099598536451644,0.03676338944100945,0.0589481934140324,0.0,0.06362662146276514,0.0,0.017466131381935528,0.03325282705406956,0.04191871531664527,0.038998804803176655,0.0,0.055135623690736775,0.05676492699129046,0.06877289231637114,0.015719518243741976,0.07485484877972369,0.052398394145806576,0.03544597251039857,0.022007325541238767,0.029327459409966374,0.0,0.0,0.0,0.04896243387395041,0.0,0.0,0.015719518243741976,0.04100743889671819,0.0
HESAPLAMA GEOMETRISI,0.0,0.0,0.0,0.0,0.0,0.0,0.0,0.0,0.0,0.0,0.0,0.0,0.0,0.0,0.0,0.0,0.0,0.0,0.0,0.0,0.0,0.0,0.0,0.0,0.0,0.0,0.0,0.0,0.0,0.0,0.0,0.0,0.0
HESAPLAMA GEOMETRİSİ,0.10211248149411338,0.10211248149411338,0.0,0.07658436112058503,0.10211248149411338,0.03403749383137113,0.0,0.0,0.0,0.0,0.0,0.04641476431550608,0.038292180560292516,0.04225344061825381,0.0,0.0,0.0,0.0,0.025528120373528345,0.0,0.04376249206890573,0.0,0.03646874339075478,0.029174994712603822,0.0,0.0,0.08752498413781146,0.04641476431550608,0.0,0.0,0.03403749383137113,0.05105624074705669,0.10211248149411338
IMAGE PROCESSING,0.04991059139978849,0.03176128543622904,0.06352257087245808,0.05081805669796647,0.0,0.02823225372109248,0.014659054816721096,0.0,0.05558224951340082,0.0,0.036298611927118904,0.012704514174491617,0.04537326490889863,0.03176128543622904,0.0,0.03176128543622904,0.05646450744218496,0.06352257087245808,0.01588064271811452,0.06352257087245808,0.03856727517256383,0.04764192815434356,0.03049083401877988,0.025409028348983235,0.0,0.06352257087245808,0.01948025506755381,0.04083593841800877,0.0,0.0,0.012704514174491617,0.027223958945339178,0.04234838058163872
INTRO. TO DATA MINING,0.03579683809594657,0.02556917006853326,0.07159367619189314,0.029830698413288805,0.04295620571513588,0.04091067210965321,0.0,0.0,0.05727494095351451,0.0,0.03579683809594657,0.04632531988887203,0.0,0.02121294109389426,0.0,0.06443430857270382,0.04091067210965321,0.07159367619189314,0.0,0.05727494095351451,0.04295620571513588,0.029830698413288805,0.026847628571959922,0.025057786667162595,0.03579683809594657,0.0,0.0,0.045893382174290474,0.03579683809594657,0.0,0.017898419047973284,0.06264446666790649,0.03579683809594657
INTRODUCTION TO ARTIFICIAL INTELLIGENCE,0.03792954609876473,0.028558717062599322,0.04045818250534904,0.017339221073721017,0.04045818250534904,0.023600606461453608,0.034678442147442035,0.0,0.04045818250534904,0.0,0.034678442147442035,0.04450400075588394,0.0,0.007585909219752945,0.0,0.06068727375802356,0.06068727375802356,0.06068727375802356,0.0,0.049653223983837466,0.023907107844069887,0.034678442147442035,0.02022909125267452,0.027309273191110605,0.050572728131686305,0.06068727375802356,0.01933399871937034,0.04045818250534904,0.06068727375802356,0.0,0.032677762792781916,0.0,0.04749438815845323
INTRODUCTION TO AUTONOMOUS MOBILE ROBOTS,0.0,0.0,0.0,0.0,0.0,0.0,0.0,0.0,0.20890937019969277,0.0,0.20890937019969277,0.0,0.0,0.0,0.0,0.0,0.0,0.0,0.0,0.0,0.07834101382488479,0.0,0.0,0.20890937019969277,0.0,0.0,0.08602150537634408,0.0,0.0,0.0,0.0,0.0,0.20890937019969277
INTRODUCTION TO COMPUTER ENGINEERING,0.035789837497690886,0.08947459374422721,0.0,0.022368648436056803,0.0,0.06263221562095904,0.013765322114496494,0.0,0.02982486458140907,0.0,0.0,0.03834625446181166,0.0,0.044737296872113606,0.0,0.02982486458140907,0.044737296872113606,0.08947459374422721,0.0,0.044737296872113606,0.0,0.022368648436056803,0.0,0.02033513494186982,0.08947459374422721,0.0,0.0,0.053684756246536326,0.08947459374422721,0.0,0.08947459374422721,0.08947459374422721,0.0
INTRODUCTION TO COMPUTERS,0.0,0.0,0.0,0.0,0.0,0.0,0.0,0.0,0.0,0.0,0.0,0.0,0.0,0.0,0.0,0.0,0.0,0.0,0.0,0.0,0.0,0.0,0.0,0.0,0.0,0.0,0.0,0.0,0.0,0.0,0.0,0.0,0.0
INTRODUCTION TO DEEP LEARNING,0.0,0.045048956263694734,0.0,0.039328453881003346,0.0,0.07079121698580601,0.07079121698580601,0.0,0.07079121698580601,0.0,0.0,0.07079121698580601,0.07079121698580601,0.050565154989861444,0.0,0.053093412739354515,0.07079121698580601,0.0,0.0,0.050565154989861444,0.0,0.04247473019148361,0.015731381552401336,0.035395608492903005,0.023597072328602003,0.0,0.0,0.04247473019148361,0.07079121698580601,0.0,0.07079121698580601,0.0,0.035395608492903005
INTRODUCTION TO MICROCOMPUTERS,0.04117998014599294,0.03436478006573043,0.025405390977164998,0.032091020181682105,0.032705790683246895,0.028604588359474666,0.031454293590775714,0.0,0.044036011027086,0.0,0.019759748537795,0.03417902449780756,0.03126817351035693,0.02313336414180878,0.0,0.036696675855905,0.049507941391398455,0.06061637145428842,0.02061886803943826,0.05886276379408721,0.037637616262466665,0.03001480790551139,0.018799102572980734,0.023632921839223255,0.01693692731811,0.06774770927244,0.009033027902992,0.038021673571267345,0.05806946509066285,0.0,0.018597410388512942,0.03278114964795484,0.044243401973838366
INTRODUCTION TO MICROCOMPUTERS LAB.,0.03999055010733226,0.04238629734878534,0.028156611810264548,0.03327599577576719,0.036247592215512985,0.030385676911910492,0.046680698527543855,0.0,0.053753531637777775,0.0,0.01642469022265432,0.03985006808119409,0.03398211770204342,0.028388353471254377,0.0,0.038534850137765905,0.050169962861925925,0.05912888480155555,0.01231851766699074,0.05748641577929012,0.04479460969814814,0.029863073132098763,0.019192896439955608,0.027163910752851374,0.03284938044530864,0.0,0.0,0.04034760859043344,0.06131884349790946,0.0,0.02139029424345679,0.03649931160589849,0.03941925653437037
INTRODUCTION TO OPERATING SYSTEMS,0.08328659167361897,0.0,0.0,0.0971676902858888,0.0,0.04173096593330803,0.0,0.0,0.06577505188583242,0.0,0.05687864797222759,0.055765804859727486,0.05052719894866218,0.03295252105347533,0.0,0.0,0.0,0.0,0.034008691600061085,0.0,0.057277796379050235,0.0,0.04115337470931761,0.027668088081405626,0.0,0.11660122834306656,0.03450444512192786,0.06450280716850491,0.0,0.0,0.0,0.06801738320012217,0.07218171278380311
INTRODUCTION TO OPERATING SYSTEMS LAB.,0.1029018451327026,0.0,0.0,0.12161127152046672,0.0,0.036851900460747496,0.0,0.0,0.0,0.0,0.04677356596941028,0.06485934481091558,0.05451539757814026,0.04443488767093976,0.0,0.0,0.0,0.0,0.02280211341008751,0.0,0.08360774917032088,0.0,0.04292162524251767,0.026602465645102095,0.0,0.0,0.12161127152046672,0.06727432041557733,0.0,0.0,0.0,0.07738899096756974,0.08584325048503534
INTRODUCTION TO PROGRAMMING,0.04378405456831305,0.11493314324182177,0.0,0.018147338406603437,0.06895988594509306,0.08141097646295709,0.07183321452613861,0.0,0.0731392729720684,0.0,0.0,0.04597325729672871,0.025540698498182614,0.01915552387363696,0.0,0.0353640440744067,0.0,0.09194651459345742,0.0,0.10448467567438342,0.0,0.04309992871568316,0.028733285810455443,0.03963211835924889,0.0,0.0,0.0,0.01915552387363696,0.0,0.0,0.04597325729672871,0.028733285810455443,0.0
INTRODUCTION TO PROGRAMMING LAB.,0.07206588881262868,0.07206588881262868,0.0,0.03603294440631434,0.10809883321894304,0.07206588881262868,0.08236101578586136,0.0,0.04804392587508579,0.0,0.0,0.14413177762525736,0.07206588881262868,0.0,0.0,0.028826355525051476,0.0,0.0,0.0,0.09608785175017158,0.0,0.03603294440631434,0.04804392587508579,0.03603294440631434,0.0,0.0,0.0,0.0,0.0,0.0,0.0,0.04804392587508579,0.0
INTRODUCTION TO RECOMMENDER SYSTEM,0.0,0.08663366336633664,0.0,0.0,0.0,0.17326732673267328,0.17326732673267328,0.0,0.0,0.0,0.0,0.0,0.0,0.0,0.0,0.0,0.0,0.0,0.0,0.08663366336633664,0.0,0.17326732673267328,0.034653465346534656,0.0,0.0,0.0,0.0,0.099009900990099,0.0,0.0,0.17326732673267328,0.0,0.0
INTRODUCTION TO SECURE CODING,0.0,0.1415788183378279,0.1415788183378279,0.10618411375337093,0.0,0.0,0.0,0.0,0.0,0.0,0.0,0.0,0.1415788183378279,0.04719293944594263,0.0,0.07078940916891395,0.08494729100269674,0.0,0.0,0.10618411375337093,0.0,0.040451090953665114,0.020225545476832557,0.03861240500122579,0.0,0.0,0.0,0.06067663643049767,0.0,0.0,0.0,0.0,0.0
INTRODUCTION TO VHDL,0.0,0.0,0.0,0.0,0.0,0.0,0.1495601173020528,0.0,0.0,0.0,0.0747800586510264,0.1495601173020528,0.0,0.0,0.0,0.0,0.0,0.0,0.0,0.0,0.0747800586510264,0.0,0.0,0.12463343108504399,0.0,0.1495601173020528,0.05278592375366569,0.0747800586510264,0.0,0.0,0.0,0.0,0.1495601173020528
INTRODUCTION TO WIRELESS SENSOR NETWORKS,0.0,0.0,0.0,0.15037593984962405,0.0,0.0,0.0,0.0,0.0,0.0,0.0,0.15037593984962405,0.0,0.03759398496240601,0.0,0.15037593984962405,0.0,0.0,0.0,0.15037593984962405,0.0,0.0,0.0,0.15037593984962405,0.0,0.0,0.0,0.06015037593984962,0.15037593984962405,0.0,0.0,0.0,0.0
İŞ SAĞLIĞI VE GÜVENLİĞİ II,0.04857655925818681,0.08390496599141357,0.04195248299570679,0.018645547998091906,0.08390496599141357,0.040681195632200524,0.07660888199216022,0.0,0.0719185422783545,0.0,0.0,0.053394069267263186,0.04894456349499126,0.026220301872316745,0.0,0.0343247588146692,0.0,0.07866090561695023,0.0,0.06909820728704648,0.0,0.023415339346440998,0.04517959707229962,0.05268451352949225,0.0,0.0,0.0,0.04195248299570679,0.0,0.0,0.059932118565295414,0.0,0.0
İŞLETİM SİSTEMLERİNE GİRİŞ,0.06090495824532986,0.031791049633551303,0.04132836452361669,0.03099627339271252,0.0,0.04532788367106347,0.07852389259487172,0.0,0.07779456851504318,0.0,0.0,0.02361620829920954,0.04649441008906878,0.04132836452361669,0.0,0.05357380586394756,0.06199254678542504,0.07138535690442883,0.0,0.07779456851504318,0.06199254678542504,0.038573140222042245,0.021144744639989936,0.035173076190312076,0.0,0.0,0.0,0.05144959665184935,0.0,0.0,0.010665384393191405,0.038149259560261564,0.0
İŞLETİM SİSTEMLERİNE GİRİŞ LAB.,0.047844949977145314,0.03859760670425168,0.04556661902585268,0.03493440791982039,0.0,0.04556661902585268,0.07845383101842461,0.0,0.0697169271095546,0.0,0.0,0.02343426121329566,0.052727087729915245,0.04053857830575859,0.0,0.0555618773928139,0.06213629867161729,0.06834992853877901,0.0,0.07503949601278717,0.07030278363988698,0.03588371248285898,0.02236906752178222,0.036767547765688025,0.0,0.0,0.0,0.050473793382482965,0.0,0.0,0.010583214741488363,0.03515139181994349,0.0
KURUMSAL JAVA,0.07045601703561685,0.028182406814246743,0.11272962725698697,0.0,0.0,0.04175171379888406,0.0,0.0,0.07515308483799131,0.0,0.056364813628493486,0.05260715938659392,0.032208464930567705,0.04026058116320963,0.0,0.0,0.0,0.0,0.018788271209497828,0.0,0.0,0.0,0.037576542418995655,0.022545925451397397,0.0,0.11272962725698697,0.0493192119249318,0.08052116232641926,0.0,0.0,0.026014529366996993,0.07515308483799131,0.06763777635419219
LINEAR ALGEBRA,0.04587542926215895,0.04587542926215895,0.0,0.04170493569287177,0.04587542926215895,0.04317687459967901,0.06307871523546855,0.0,0.061167239016211926,0.0,0.030583619508105963,0.04587542926215895,0.061167239016211926,0.011468857315539737,0.0,0.02621453100694797,0.0917508585243179,0.0,0.0,0.08028200120877815,0.07864359302084391,0.007057758348024454,0.03670034340972716,0.04587542926215895,0.0,0.0,0.0917508585243179,0.04587542926215895,0.0,0.0,0.0,0.0,0.0
LİNEER CEBİR,0.2531645569620253,0.12658227848101264,0.0,0.0,0.0,0.0,0.0,0.0,0.0,0.0,0.0,0.0,0.12658227848101264,0.0,0.0,0.0,0.0,0.0,0.0,0.0,0.0,0.0,0.18987341772151897,0.05063291139240506,0.0,0.0,0.0,0.2531645569620253,0.0,0.0,0.0,0.0,0.0
MAKİNE ÖĞRENMESİ,0.0,0.06200670726147175,0.06510704262454534,0.024802682904588695,0.08680939016606044,0.054255868853787775,0.08680939016606044,0.0,0.08680939016606044,0.0,0.0,0.0,0.04340469508303022,0.028936463388686814,0.0,0.05787292677737363,0.0781284511494544,0.0,0.0,0.07440804871376609,0.0,0.0,0.019290975592457876,0.04595791244085553,0.0,0.0,0.0,0.04340469508303022,0.06510704262454534,0.0,0.024802682904588695,0.0,0.05208563409963626
MOBİL PROGRAMLAMA,0.021011052847148316,0.040854824980566175,0.04596167810313694,0.021629024989711504,0.04202210569429663,0.024512894988339702,0.07353868496501911,0.0,0.05515401372376433,0.0,0.029415473986007645,0.027577006861882164,0.07353868496501911,0.020427412490283087,0.0,0.052527632117870794,0.05515401372376433,0.07353868496501911,0.0,0.07353868496501911,0.041181663580410706,0.0346064399835384,0.012789336515655496,0.03042980067518032,0.024512894988339702,0.0,0.0,0.03824011618180994,0.03676934248250956,0.0,0.01429918874319816,0.0,0.03676934248250956
MÜHENDİSLİK GRAFİĞİ,0.2696629213483146,0.0,0.0,0.22471910112359547,0.0,0.0,0.0,0.0,0.0,0.0,0.0,0.0,0.0,0.08426966292134831,0.0,0.0,0.0,0.0,0.0,0.0,0.0,0.0,0.33707865168539325,0.0,0.0,0.0,0.0,0.0,0.0,0.0,0.0,0.08426966292134831,0.0
NESNE TABANLI PROGRAMLAMA I,0.04482016843778141,0.04839927444733201,0.0,0.039635950668662254,0.0,0.046344588267964136,0.029051350206008134,0.0,0.05419223779817098,0.0,0.026383063138583233,0.027763100287370668,0.036631868434725184,0.01708902953294596,0.0,0.045115037966977335,0.045570745421189225,0.09589669906024167,0.0,0.07797660883181268,0.023135916906142223,0.02940832104514078,0.011421528599234768,0.03500990600611997,0.0,0.10025563992661629,0.012936211603434361,0.04757894776178401,0.0,0.0,0.0,0.05307651525526745,0.05230729039649546
NESNE TABANLI PROGRAMLAMA I LAB.,0.04164585121951832,0.08280461645986098,0.015424389340562339,0.03266341272119084,0.026441810298106865,0.05017572436086544,0.03611564333399962,0.0,0.05288362059621373,0.0,0.03701853441734962,0.04082926590148854,0.04528863253186389,0.0252399098300111,0.0,0.04093395632687698,0.04627316802168702,0.08852258230235778,0.0,0.07230182503388596,0.04627316802168702,0.02797912485032238,0.019370163357915495,0.03492314567674492,0.0,0.0,0.0,0.052057314024397894,0.0,0.0,0.0,0.05398536269196819,0.030848778681124678
NETWORK APPLICATIONS,0.044017800801972255,0.019257787850862865,0.0330133506014792,0.02376961243306502,0.03772954354454765,0.029204117839770057,0.05502225100246533,0.0,0.030812460561380584,0.0,0.014148578829205368,0.03059773958185877,0.02376961243306502,0.025585346716146377,0.0,0.03772954354454765,0.044017800801972255,0.0660267012029584,0.015236931046836552,0.054236218845287246,0.04466512140200127,0.024454333778873478,0.01962955981709574,0.01834075033415511,0.03772954354454765,0.0660267012029584,0.01834075033415511,0.0351432441886714,0.0660267012029584,0.0,0.007336300133662043,0.03851557570172573,0.03961602072177503
NEURAL NETWORKS,0.0,0.0,0.0,0.12439418416801291,0.0,0.20732364028002154,0.20732364028002154,0.0,0.0,0.0,0.0,0.0,0.0,0.14808831448572965,0.0,0.12439418416801291,0.0,0.0,0.0,0.1884760366182014,0.0,0.0,0.0,0.0,0.0,0.0,0.0,0.0,0.0,0.0,0.0,0.0,0.0
NUMERICAL METHODS,0.038707799760643674,0.025805199840429116,0.0,0.03380117725577335,0.05806169964096551,0.03386932479056322,0.02666537316844342,0.0,0.04712253883904448,0.0,0.027323152772219066,0.03655736644060791,0.03294280830693079,0.018579743885108965,0.0,0.03573027670213263,0.038707799760643674,0.07311473288121582,0.07741559952128735,0.07146055340426526,0.020195373788161917,0.02167636786596046,0.02044940364713251,0.027685048835427262,0.0,0.0,0.011910092234044208,0.0430086664007152,0.07741559952128735,0.0,0.015483119904257471,0.04207369539200399,0.04423748544073563
OBJECT ORIENTED PROGRAMMING II,0.04038484445471209,0.02725977000693066,0.02725977000693066,0.030915294720503736,0.03634636000924088,0.030802000007831253,0.025656254124170035,0.0,0.04130268182868282,0.0,0.025745338339878958,0.0396505745555355,0.03282897033092724,0.016521072731473126,0.0,0.04038484445471209,0.03634636000924088,0.06637161392991812,0.041538697153418146,0.06687730241700322,0.04458486827800214,0.02458724353566295,0.020120306433686917,0.02636109627043844,0.0,0.07269272001848176,0.027958738468646833,0.046653536728279335,0.0,0.0,0.019384725338261802,0.044733981549834934,0.04673103429759542
OBJECT ORIENTED PROGRAMMING II LAB.,0.04073734712408461,0.03247179843224136,0.03339956410173396,0.035423780107899656,0.03896615811868963,0.03493517624434243,0.030661894913067245,0.0,0.043295731242988474,0.0,0.02922461858901722,0.046542911086212606,0.03691530769139017,0.019483079059344814,0.0,0.03624758894761826,0.03896615811868963,0.07493491945901852,0.0,0.07143795655093098,0.054841259574452066,0.02474041785313627,0.022376605652316812,0.031172926494951705,0.0,0.0,0.051954877491586164,0.043550412015006056,0.0,0.0,0.027106892604305828,0.04995661297267901,0.050656005554296515
OTONOM ROBOTİK SENTEZ VE TASARIMI,0.0,0.0,0.0,0.0,0.0,0.0,0.0,0.0,0.0,0.0,0.0,0.0,0.0,0.0,0.0,0.0,0.0,0.0,0.0,0.0,0.0,0.0,0.0,0.3333333333333333,0.0,0.0,0.3333333333333333,0.0,0.0,0.0,0.0,0.0,0.3333333333333333
PARALLEL PROGRAMMING,0.09180327868852456,0.0,0.0,0.0,0.0,0.0,0.0,0.0,0.14688524590163932,0.0,0.061202185792349706,0.1049180327868852,0.0,0.06885245901639342,0.0,0.0,0.0,0.0,0.0,0.0,0.061202185792349706,0.0,0.0,0.03672131147540983,0.0,0.18360655737704912,0.0,0.12240437158469941,0.0,0.0,0.0,0.0,0.12240437158469941
PATTERN RECOGNITION,0.0,0.05555099564231972,0.07575135769407233,0.03030054307762893,0.03895784109980863,0.0681762219246651,0.0909016292328868,0.0,0.0,0.0,0.06060108615525786,0.03030054307762893,0.0681762219246651,0.01818032584657736,0.0,0.0454508146164434,0.0454508146164434,0.0909016292328868,0.0,0.07791568219961725,0.06249487009760968,0.03030054307762893,0.03305513790286793,0.0454508146164434,0.0,0.0,0.0,0.0,0.0,0.0,0.032082927964548286,0.0,0.0
PHYSICS I,0.04979127898204497,0.03319418598802997,0.0,0.022129457325353315,0.0,0.04979127898204497,0.06638837197605994,0.0,0.06638837197605994,0.0,0.0,0.04979127898204497,0.04979127898204497,0.009052959814917267,0.0,0.054317758889503596,0.09958255796408993,0.09958255796408993,0.0,0.07468691847306745,0.0,0.019916511592817987,0.06638837197605994,0.039833023185635974,0.0,0.0,0.0,0.04979127898204497,0.0,0.0,0.0,0.0,0.09958255796408993
PHYSICS I LAB,0.05939524838012959,0.11879049676025918,0.0,0.05939524838012959,0.0,0.0755939524838013,0.11879049676025918,0.0,0.0,0.0,0.0,0.11879049676025918,0.07919366450683946,0.0,0.0,0.019798416126709864,0.0,0.0,0.0,0.07127429805615551,0.0,0.0,0.07919366450683946,0.021598272138228944,0.0,0.0,0.0,0.05939524838012959,0.0,0.0,0.0,0.0,0.11879049676025918
PHYSICS II,0.036259306591851434,0.08460504871432002,0.02820168290477334,0.025749362652184353,0.016921009742864004,0.04759033990180501,0.05640336580954668,0.0,0.06043217765308573,0.0,0.0,0.016921009742864004,0.0,0.036259306591851434,0.0,0.02820168290477334,0.02820168290477334,0.06768403897145601,0.0,0.07402941762503001,0.06345378653574,0.02256134632381867,0.04935294508335335,0.036259306591851434,0.0,0.0,0.0,0.03760224387303111,0.0,0.0,0.05640336580954668,0.04230252435716001,0.08460504871432002
PHYSICS II LAB,0.04800698283386674,0.09601396566773349,0.0,0.032004655222577824,0.09601396566773349,0.06720977596741343,0.04800698283386674,0.0,0.0,0.0,0.04800698283386674,0.019202793133546697,0.04800698283386674,0.0,0.0,0.04800698283386674,0.0,0.0,0.0,0.09601396566773349,0.09601396566773349,0.0,0.09601396566773349,0.017457084666860634,0.0,0.0,0.0,0.04800698283386674,0.0,0.0,0.0,0.0,0.09601396566773349
PLC AUTOMATION SYSTEMS,0.0,0.0,0.0,0.0,0.0,0.0,0.0,0.0,0.0,0.0,0.0,0.0,0.0,0.0,0.0,0.0,0.0,0.0,0.0,0.0,0.0,0.0,0.0,0.0,0.0,0.0,0.0,0.0,0.0,0.0,0.0,0.0,0.0
PLC AUTOMATION SYSTEMS LAB.,0.0,0.0,0.0,0.0,0.0,0.0,0.0,0.0,0.0,0.0,0.0,0.0,0.0,0.0,0.0,0.0,0.0,0.0,0.0,0.0,0.0,0.0,0.0,0.0,0.0,0.0,0.0,0.0,0.0,0.0,0.0,0.0,0.0
PROBABILITY,0.054345508846312646,0.03533299336757169,0.030033044362435934,0.022711555935772447,0.03696374690761346,0.036814699541050495,0.04055094597459705,0.0,0.05390546424026963,0.0,0.02826639469405735,0.04265562822490901,0.04329087475666441,0.02422418393019524,0.0,0.03285666391787863,0.03203524731993167,0.07456479979639266,0.02826639469405735,0.06340309365403142,0.050581969452523676,0.02826639469405735,0.023492514701283218,0.0278083744096629,0.0,0.0,0.029122952109028787,0.04304055337201703,0.0,0.0,0.030033044362435934,0.0414248887757737,0.04600806795947633
PROBLEMS IN DATA STRUCTURES AND ALGORITHMS,0.0,0.0,0.0,0.13986013986013984,0.0,0.1048951048951049,0.13986013986013984,0.0,0.0,0.0,0.0,0.0,0.0,0.13986013986013984,0.0,0.13986013986013984,0.0,0.0,0.0,0.13986013986013984,0.0,0.055944055944055944,0.0,0.13986013986013984,0.0,0.0,0.0,0.0,0.0,0.0,0.0,0.0,0.0
PROJE VE İŞ YÖNETİMİ,0.05707065300426617,0.032753592158970155,0.0,0.05497106376330656,0.042877429735379106,0.038764971851954384,0.0,0.0,0.06699598396152986,0.0,0.03152752186424935,0.04941547753190855,0.04913038823845523,0.03116092277280459,0.0,0.0,0.0,0.08932797861537314,0.016748995990382466,0.0,0.06652083513910766,0.036782108841624236,0.027091272203023004,0.025522279604392326,0.0,0.0,0.08932797861537314,0.050372920271826965,0.0,0.0,0.032482901314681144,0.04809968079289323,0.0630550437284987
REAL TIME DIGITAL SIGNAL PROCESSING LABORATORY,0.0,0.0,0.0,0.0,0.0,0.0,0.0,0.0,0.0,0.0,0.0,0.0,0.0,0.0,0.0,0.0,0.0,0.0,0.0,0.0,0.0,0.0,0.0,0.0,0.0,0.0,0.0,0.0,0.0,0.0,0.0,0.0,0.0
REAL TIME DSP SYSTEM DESIGN,0.0,0.0,0.0,0.0,0.0,0.0,0.0,0.0,0.0,0.0,0.0,0.0,0.0,0.0,0.0,0.0,0.0,0.0,0.0,0.0,0.0,0.0,0.0,0.0,0.0,0.0,0.0,0.0,0.0,0.0,0.0,0.0,0.0
SAYISAL SİSTEMLER I,0.09769098905538864,0.08792189014984979,0.0,0.094685112469069,0.029307296716616592,0.06763222319219214,0.0,0.0,0.11722918686646637,0.0,0.0,0.03516875605993992,0.05410577855375372,0.0319715964181272,0.0,0.0,0.0,0.0,0.0,0.0,0.0,0.07536162012844266,0.0319715964181272,0.06154532310489484,0.0,0.0,0.0,0.10550626817981973,0.0,0.0,0.0,0.10990236268731222,0.0
SAYISAL SİSTEMLER II,0.06282068934043022,0.04434401600500957,0.0,0.06065445867351883,0.053846305148940184,0.04832360718494633,0.0,0.0,0.08376091912057362,0.0,0.0,0.08376091912057362,0.045687774065767434,0.012564137868086045,0.0,0.0,0.0,0.12564137868086045,0.0,0.0,0.10993620634575288,0.03769241360425813,0.039676224846587504,0.0409700147872371,0.0,0.0,0.0,0.06282068934043022,0.0,0.0,0.00897438419149003,0.07852586167553777,0.0
SAYISAL SİSTEMLER LAB.,0.06846719011529118,0.046188183807934526,0.0,0.06747491199767826,0.05968934522871539,0.05878496121009849,0.0,0.0,0.06466345733110834,0.0,0.0,0.09405593793615759,0.04849759299833126,0.016165864332777086,0.0,0.0,0.0,0.0,0.0,0.0,0.11937869045743078,0.08621794310814444,0.04764675803344825,0.040645601750982384,0.0,0.0,0.0,0.07958579363828719,0.0,0.0,0.01847527352317381,0.08406249453044085,0.0
SAYISAL TASARIM,0.04254076038980101,0.07657336870164182,0.017016304155920405,0.01740303834128223,0.08508152077960202,0.05136997481032574,0.08121417892598375,0.0,0.06932568359819423,0.0,0.0,0.03403260831184081,0.03403260831184081,0.030542084382421234,0.0,0.0369919655563487,0.04925772255661169,0.08153645741378526,0.0,0.06735620395051825,0.0,0.021914937170503548,0.01861158267053794,0.046941528705987313,0.0,0.0,0.0,0.05317595048725126,0.0,0.0,0.028360506926534003,0.0,0.056721013853068006
SAYISAL TASARIM LAB.,0.0463103757778389,0.06748083327627953,0.047236583293395674,0.01389311273335167,0.07872763882232613,0.041824058124360755,0.07188175718560211,0.0,0.05685885026056887,0.0,0.0,0.06560636568527178,0.03936381941116306,0.03729203944215448,0.0,0.03717694055498734,0.047236583293395674,0.07157058074756921,0.0,0.07122976845829507,0.0,0.019244533934346386,0.03314847950413732,0.047854054970433525,0.0,0.0,0.0,0.05685885026056887,0.0,0.0,0.04920477426395383,0.0,0.0
SİSTEM PROGRAMLAMA,0.0,0.0,0.0,0.09137884144683166,0.0,0.0,0.0,0.0,0.1370682621702475,0.0,0.0,0.1370682621702475,0.0,0.019581180310035355,0.0,0.0,0.1370682621702475,0.1370682621702475,0.0,0.1370682621702475,0.0,0.0,0.015229806907805276,0.10280119662768562,0.0,0.0,0.0,0.08566766385640469,0.0,0.0,0.0,0.0,0.0
YAZILIM MÜHENDİSLİĞİ,0.034438364359952074,0.0476838891137798,0.034438364359952074,0.026491049507655445,0.03874315990494609,0.028257119474832473,0.06026713762991614,0.0,0.049744304075486336,0.0,0.022958909573301385,0.034438364359952074,0.019285484041573164,0.029761549446872163,0.0,0.04118402335829321,0.04903089163111821,0.0631370013265788,0.0,0.06011059961009817,0.04591781914660277,0.027756293663244957,0.017219182179976037,0.03197848119138407,0.034438364359952074,0.0,0.022958909573301385,0.03773246877699097,0.06428494680524388,0.0,0.01747618489908016,0.0,0.06026713762991614
SYSTEMS ANALYSIS,0.06065666750693218,0.04852533400554574,0.0,0.06470044534072765,0.08087555667590958,0.09705066801109148,0.0,0.0,0.07278800100831861,0.0,0.04852533400554574,0.061759516007058216,0.07940509200907486,0.0194101336022183,0.0,0.0,0.0,0.09705066801109148,0.0,0.0,0.09705066801109148,0.0,0.035291152004033266,0.032350222670363825,0.0,0.0,0.0,0.07683177884211409,0.0,0.0,0.02772876228888328,0.0,0.0
TASARIM SÜREÇLERİ,0.015539391566662838,0.04834477376295105,0.04351029638665595,0.03394420285483797,0.03346945875896611,0.0414383775111009,0.06936424061640803,0.0,0.04265715332025093,0.0,0.018129290161106645,0.0319075506835477,0.033237031962028846,0.032823556923266765,0.0,0.043999176121337476,0.05697776907776374,0.05990548053235239,0.0,0.06291930114737013,0.04532322540276661,0.02456226408924126,0.01847135223961809,0.030305679075282747,0.02900686425777063,0.0,0.0,0.04107166620569293,0.06345251556387325,0.0,0.013596967620829983,0.02071918875555045,0.04532322540276661
VERİ TABANI YÖNETİM SİSTEMLERİ,0.038223430214730014,0.037499501612178306,0.03344550143788876,0.030208840008415658,0.03459879459091941,0.03934764875045737,0.060201902588199775,0.0,0.04954889101909446,0.0,0.014864667305728338,0.03879678166795096,0.03558032067860507,0.02866757266104751,0.0,0.038426746332893474,0.051151943375594575,0.058166089457197846,0.0,0.05852962751630534,0.05733514532209502,0.03032392130368581,0.017837600766874007,0.02855103781283187,0.03087277055805117,0.0,0.0,0.03815264608470274,0.05797220249234052,0.0,0.02229700095859251,0.02926481375815267,0.04013460172546651
VERİ TABANI YÖNETİM SİSTEMLERİ LAB.,0.04111207925338832,0.038689403154527936,0.027310166932607956,0.029161703673801716,0.03413770866575994,0.03823423370565114,0.05735135055847671,0.0,0.049018248340578385,0.0,0.01820677795507197,0.03878835303471855,0.04084854028381532,0.030811470385506412,0.0,0.0383712739698291,0.049018248340578385,0.05765479685772791,0.0,0.05575825748740791,0.058413412605855905,0.030091758009077284,0.018484744030721922,0.029038658510621117,0.029410949004347032,0.0,0.0,0.038744023488393155,0.05575825748740791,0.0,0.03186186142137595,0.03186186142137595,0.03186186142137595
VERİ YAPILARI,0.04285064732677226,0.06839299396861297,0.0,0.03250080291896898,0.0,0.04722186004737375,0.03488469851972973,0.0,0.0552670658332226,0.0,0.0,0.035659448726950614,0.040330021013432714,0.029259034852882556,0.0,0.05415281047368183,0.01865263471871263,0.08902393843021937,0.09326317359356315,0.08229103552373218,0.03730526943742526,0.02293356727710569,0.012603131566697724,0.0374366260199514,0.0,0.0,0.0,0.06661655256683081,0.0,0.0,0.0,0.06049503152014907,0.038859655663984645
VERİ YAPILARI LABORATUVARI,0.05307849503083842,0.09554129105550915,0.0,0.020769845881632425,0.0,0.06518411670453841,0.09620477224339463,0.0,0.08492559204934147,0.0,0.0,0.05307849503083842,0.043711701790102225,0.03911047002272304,0.0,0.04482184024826355,0.06192491086931149,0.10154146875464741,0.0,0.08256654782574865,0.0,0.026130951399797375,0.01846208522811771,0.05228627868709455,0.0,0.0,0.0,0.060661137178101045,0.0,0.0,0.0,0.0,0.0
WEB BASED TECHNOLOGIES,0.0,0.0,0.0,0.0,0.0,0.06301357815801796,0.024005172631625885,0.0,0.0864186214738532,0.0,0.10082172505282873,0.08401810421069061,0.0,0.04000862105270982,0.0,0.05761241431590213,0.0,0.0,0.028806207157951066,0.14403103578975532,0.0432093107369266,0.0,0.0,0.06064464664831803,0.0,0.14403103578975532,0.04236206934992804,0.08101745763173737,0.0,0.0,0.0,0.0,0.0
YAPAY ZEKA  MÜH. ARAŞTIRMALARI,0.0,0.0,0.0,0.0,0.0,0.0,0.0,0.0,0.0,0.0,0.0,0.0,0.0,0.0,0.0,0.0,0.0,0.0,0.0,0.0,0.0,0.0,0.0,0.0,0.0,0.0,0.0,0.0,0.0,0.0,0.0,0.0,0.0
